Date,Label,Top1,Top2,Top3
1/4/2016,0,Saudi Arabia breaks off ties with Iran - Amid row over Saudi execution of Shia cleric,Exclusive: UK Government urged to reveal its role in getting Saudi Arabia onto UN Human Rights Council | Liberal Democrat and Green Party leaders call on David Cameron to reveal whether British government supported Saudi bid,China halts trading as stocks fall 7%
1/5/2016,1,"Dutch government backs strong encryption, condemns backdoors",ISIS Militants Strap Bomb on 4 Year-Old Boy and Blow Him Up after Killing the Childs Father,Canada proceeding with controversial $15-billion Saudi arms deal despite condemning executions
1/6/2016,0,China shuts down stock market after 15 min 7% loss.,Armed suspect shot dead after trying to storm Paris police station,Oil price falls below $35 a barrel to fresh 11-year low
1/7/2016,0,"Reports of sexual assaults on women across European cities, including Cologne, Hamburg, Zrich, Salzburg, Helsinki during NYE festivities","Shelter forcibly converted children to Christianity, raided by police Emmanuel Group in India. Busted by police.Children hung from wrists ,starved and beaten for failing to recite Bible passages post conversion",Iran Has Banned Its Citizens from Making Pilgrimages to Mecca
1/8/2016,0,El Chapo' Being Taken to Same Prison He Escaped from Six Months Ago,El Chapo has been caught,At least 231 children abused at Catholic boys choir run by Pope Benedicts brother
1/11/2016,1,"Iran removes core of Arak heavy water nuclear reactor and fills it with concrete, fulfilling one of its key obligations in the nuclear deal","In an extremely unusual airstrike, the U.S. dropped bombs Sunday in central Mosul, Iraq, destroying a building containing huge amounts of cash ISIS was using to pay its troops and for ongoing operations",U.N. says some of its peacekeepers were paying 13-year-olds for sex
1/12/2016,1,Oil Falls Below $30/Barrel for First Time Since December 2003,Migrant crisis: Coach full of British schoolchildren 'attacked by Calais refugees',"Saudi Arabia arrests human rights activist Samar Badawi who was the first woman to sue her guardian for preventing her from marrying the man of her choice, and also sued the Saudi government for the right to vote in municipal elections"
1/13/2016,0,"Explosions heard in Indonesian capital - in Jakarta, with reports of casualties.","Wearing black jackets adorned with a symbol of a Viking and the Finnish flag, the ""Soldiers of Odin"" have surfaced as self-proclaimed patriots patrolling the streets to protect native Finns from immigrants, worrying the government and police.","Denmark is poised to pass a law requiring newly arrived refugees to hand over valuables, including gold or jewelry, to help pay for the costs of lodging them."
1/14/2016,1,No. of crimes in Japan falls to postwar low in 2015. 933 murder for a 127M population. Teenage crimes numbers lower than 65yo+.,"Danish 15yo girl who converted to Islam arrested for possessing explosives, sanctioning terror",Apple may be on the hook for $8 billion in taxes as a result of a European Commission investigation.
1/15/2016,0,China to participate in UN sanctions against N.Korea,Bill aiming to ban child marriages shot down in Pakistan as anti-Islamic and blasphemous.,Tsai Ing-wen elected Taiwan's first female president
1/19/2016,1,"ISIS destroys Iraq's oldest Assyrian Christian monastery that stood for over 1,400 years",Oceans running out of fish as undeclared catches add a third to official figures,Chemistry Teacher opens fire on Taliban Militants in valiant effort to protect students
1/20/2016,0,"The solar system appears to have a new ninth planet. Today, two scientists announced evidence that a body nearly the size of Neptunebut as yet unseenorbits the sun every 15,000 years.","Less than 1% of the wealth created since 2000 has gone to the poorest 50% of the world's population, new research has revealed.","Over half of the world's supply of Cobalt, a primary element used in lithium batteries, is mined in the Democratic Republic of Congo by child miners."
1/21/2016,1,"A Danish city has ordered pork to be mandatory on municipal menus, including for schools and daycare centers, with politicians insisting the move is necessary for preserving the country's food traditions and is not an attack on Muslim","HIV infections in Russia have reached record levels, with the number of people registered as HIV-positive passing the one million mark.","Migration crisis can destroy Europe, says French Prime Minister Manuel Valls | Europe | News"
1/22/2016,1,Pregnant women are being warned not to travel to the Olympics in Brazil after a virus causing thousands of babies to be born with unusually small heads swept through the region.,Toronto man found not guilty in Twitter harassment trial widely viewed as a Canadian first,"Japan accepts 27 refugees last year, rejects 99%"
1/25/2016,0,Sri Lanka destroys huge illegal ivory haul - Govt publicly destroys biggest ever illegal ivory haul in bid to show poachers it will not tolerate the violent trade. Sri Lanka also becomes worlds 1st country to apologize for complicity in the illegal killing of elephants.,First Monkeys with Autism Created in China | They spin in their cages and dont interact. The scientists who created autistic monkeys say theyll now try to cure them,"Mahatma Gandhi statue defaced in India and scribbled ""Long Live ISIS"""
1/26/2016,1,"United Nations panel finds evidence that Saudi-led coalition has conducted widespread air strikes against civilian targets, in violation of international law","Most fleeing to Europe are not refugees, EU official says: Dutch commissioner Frans Timmermans says 60% of arrivals are economic migrants","8 dead, over 610 injured as heavy snowfall continues in Japan"
1/27/2016,0,"The ISIS encrypted messaging app, widely reported in the media as a tool for plotting terrorist attacks, does not exist",Zika Virus May Have Spread To Common Mosquito,"A Chinese firm has purchased the rights to the Tiananmen Square ""Tank Man"" photo from Bill Gates"
1/28/2016,1,Young people in England have 'lowest literacy levels' in developed world says OECD,Volunteer who claimed a migrant had dropped dead outside Berlin registration center after waiting outside for days admits he lied in a bid to win sympathy for asylum seekers,Man 'held with guns at Disneyland Paris'
1/29/2016,1,"A 13-year-old girl from a Russian-speaking community in Berlin was not kidnapped and sexually assaulted by immigrant men as previously reported, but simply spent the night with an acquaintance.",Two jailed for handing out Isis leaflets on London's Oxford Street,Mobs of 'hundreds' of masked men rampage through Stockholm central station beating up refugee children
2/1/2016,0,"Canada moving ahead with plans to ditch first-past-the-post electoral system. ""FPTP suited for fledgling democracies, mature democracies can do better,"" says minister in charge of reform.",Zika virus declared global emergency by WHO,"Maori leaders in New Zealand's Far North have voted to block Prime Minister John Key from visiting the site where the country's founding document was signed, with one saying ""I don't understand why we'd want to welcome a Prime Minister when he has already signed away our sovereignty"" (with the TPPA)"
2/2/2016,0,"TPP ""fundamentally flawed"", should be resisted - Human Rights Expert","Stop refugees or we'll stop aid, Germany tells Afghans",Women barred from entering Starbucks in Saudi Arabia
2/3/2016,1,Nuclear fusion device's 1st test with hydrogen declared a success,UN panel 'rules in Assange's favour',World is about to eradicate the first human disease since smallpox - the gruesome Guinea worm
2/4/2016,1,"France has become the first country in the world to ban supermarkets from throwing away or destroying unsold food, forcing them instead to donate it to charities and food banks.",Man Ejected From Somali Plane in Midair Was Suicide Bomber,German spy agency says ISIS sending fighters disguised as refugees
2/5/2016,0,Denmarks justice minister admitted on Friday that the US sent a rendition flight to Copenhagen Airport that was meant to capture whistleblower Edward Snowden and return him to the United States,UN Demands Zika-Infected Countries Give Women Access To Abortion And Birth Control,First abortion in Colombia possibly as result of Zika: A woman struggled to find a doctor willing to provide an abortion after it was discovered her fetus suffered from microcephaly.
2/8/2016,0,"North Korea satellite 'tumbling in orbit,' U.S. official says: The satellite North Korea fired into space on Sunday is ""tumbling in orbit"" and incapable of functioning in any useful way",North Korea has restarted plutonium reactor and could have stockpiles in weeks - US spy chief,Hong Kong riot happening right now
2/9/2016,0,"Australia introduces ""Netflix tax"" legislation to parliament. With hopes of placing a tax on all foreign digital goods.",Disbelief as Egyptian president rolls out four kilometre red carpet for austerity press conference,"A smartphone application aimed at helping users avoid morality police units in Irans capital city, which became an instant hit just hours after its release yesterday, has been blocked in Iran."
2/10/2016,0,British ISIS fighter who called himself 'Superman' but returned to the UK because Syria was too cold is jailed for seven years,Animals reduced to cannibalism in Egyptian zoo after neglect,"Grow a thicker skin, Germany tells Poland: The German government reminded Poland on Wednesday that it doesn't control political speech within its borders, after Warsaw complained about a Dsseldorf carnival float which mocked the leader of its governing party"
2/11/2016,0,Gravitational waves from black holes detected,"Teen girl sent by Boko Haram rips off suicide vest, refuses to bomb refugee camp","South Korea cuts off power, water into Kaesong zone in North Korea"
2/12/2016,1,"150,000 penguins killed after giant iceberg renders colony landlocked",U.S. to restore commercial air travel to Cuba,India 'disappointed' as US decides to sell eight F-16 fighter jets to Pakistan-I News - IBNLive Mobile
2/16/2016,1,"Faced with a cash shortage in its so-called caliphate, the Islamic State group has slashed salaries across the region, asked Raqqa residents to pay utility bills in black market American dollars, and is now releasing detainees for a price of $500 a person.",According to NASA data this January was the warmest January on record by a large margin while also claiming the title of most anomalously warm month in 135 years of record keeping,US stealth jets flying over S. Korea amid N. Korea standoff
2/17/2016,1,Colombian prison drain pipes yield over 100 dismembered corpses,"Scientists warn of coming global disaster because of water inequality.We are revealing a global disaster in the making, yet we are seeing very little coordinated response.",Blast hits Ankara military building
2/18/2016,0,Obama Going to Cuba; First Visit by U.S. President in 88 Years,David Cameron blocks compulsory sex education in classrooms across the UK,Uganda shuts down social media; candidates arrested on election day
2/19/2016,0,Britain will vote on whether to remain in the EU on the 23rd of June,Venezuelans face a 6000% hike in gasoline price from $0.01 to $0.60,ISIS Terrorist Cell Dismantled in Morocco 'Planned to Use Biological Weapons'
2/22/2016,1,"WikiLeaks publishes docs showing that the NSA bugged meetings between Ban Ki-Moon and Merkel, Netanyahu, Berlusconi, between key EU and Japanese ministers discussing their secret trade red-lines at WTO negotiations, as well as details of a private meeting between Sarkozy, Merkel and Berlusconi",Montreal to ban plastic bags as of 2018,Zimbabwe park warns it may shoot 200 surplus lions now that big game hunters are staying home
2/23/2016,0,Fuel has gotten so cheap that ships are now choosing to take the long way around Africa rather then pay the fees to transit the Suez Canal.,Female student injures eight people in Canada school stabbing,Medical Marijuana Now Legal in Australia
2/24/2016,1,Beijing now has more billionaires than New York,"Brazil is building $250m-worth undersea cable linking directly Europe to avoid US espionage  Tech giants like Google, Facebook likely to support",MH17 report identifies Russian soldiers suspected of downing plane in Ukraine
2/25/2016,1,"770,000 names deleted from voter register in change to registration rules as critics claim Tories are rigging the system",Ontario makes college tuition free for low income families making 50k or less a year. Increases grants for those making 83k or less a year.,"Arctic warming: Rapidly increasing temperatures are 'possibly catastrophic' for planet, climate scientist warns | Dr Peter Gleick said there is a growing body of 'pretty scary' evidence that higher temperatures are driving the creation of dangerous storms in parts of the northern hemisphere"
2/26/2016,0,"Saudi man gets 10 years, 2,000 lashes over atheist tweets",Ex-Mexican President Vicente Fox: Donald Trump reminds me of Hitler,Germany deems passports issued from IS territory invalid
2/29/2016,0,China just announced one of the largest single layoffs in history. 1.8 Million people will lose their job.,More than $1bn deposited in Malaysian prime minister's account  report | World news,Children sacrificed to bring luck in Uganda elections
3/1/2016,1,"""A young British woman has become one of the first cancer patients to be injected with a new vaccine designed to stimulate the immune system so that it destroys tumours wherever they have spread in the body.""",Magnitude 8.2 Quake Measured 763 Miles Southwest of Malaysian Capital,Mormon leader: 'There are no homosexual members of the church.'
3/2/2016,1,North Korea launches short-range missiles into Sea of Japan hours after UN Sanctions,"A powerful Pakistani religious body that advises the government on the compatibility of laws with Islam on Thursday declared a new law that criminalizes violence against women to be ""un-Islamic.""","Two of the worlds biggest coffee companies, Nestl and Jacobs Douwe Egberts, admit that beans from Brazilian plantations using slave labour may have ended up in their coffee"
3/3/2016,1,Kim Jong-un orders nuclear weapons to be made ready for use,Mexican Officials Pass Proposal To Ban Donald Trump From Their Country,Tens of thousands of Nigerian fishermen and farmers were given the green light to sue energy giant Shell in a British court on Wednesday for a series of destructive oil spills in the Niger delta over the past decade.
3/4/2016,1,"China bans depictions of gay people, adultery, one night stands, cleavage and reincarnation on television","Peanut allergy risk reduced by up to 80% by consuming peanuts as an infant, research suggests",Philippines seizes North Korean ship
3/7/2016,1,"An indigenous community in the Peruvian Amazon took at least eight public officials hostage to demand help from the central government after an oil spill polluted its lands, authorities said Monday.",Cannabis legalisation in the UK 'would raise 1bn a year in taxes' - Study calls for UK to follow lead of some US states &amp; allow the sale of cannabis to over-18s in licensed retail stores,Netanyahu declines offer to meet with Obama: White House
3/8/2016,0,Russia has warned North Korea that threats to deliver preventive nuclear strikes could create a legal basis for the use of military force against the country,Egypt drafts bill to ban burqa and Islamic veils in public places,Google's DeepMind defeats legendary Go player Lee Se-dol in historic victory
3/9/2016,1,Apple: 'FBI could force us to turn on iPhone cameras and microphones',America has captured ISIS scientist in charge of chemical weapons,Google's DeepMind beats Lee Se-dol again to go 2-0 up in historic Go series
3/10/2016,0,"The robots sent into Fukushima have ""died"". As soon as they get close to the reactors, the radiation destroys their wiring and renders them useless,",South Sudan lets fighters rape women in place of wages: UN,China Has Unblocked Internet Searches That Refer to Kim Jong Un As a Pig
3/11/2016,1,U.S. says North Korean submarine missing,AlphaGo beats Lee Se-dol again to take Google DeepMind Challenge series,Turkey's President Tayyip Erdogan said on Friday a constitutional court ruling that led to the release of two detained newspaper editors was a step against the country and warned the court that repeating such actions could bring its very existence into question.
3/14/2016,1,Italy changes law to make all supermarkets give unsold food to needy,Putin orders most troops out of Syria,Google's AlphaGo AI beats Lee Se-dol again to win Go series 4-1
3/15/2016,1,"FIFA admits to World Cup hosting bribes, asks U.S. for return of money",President Erdogan wants to change definition of terrorist to include journalists and politicians,North Korea Sentences US Tourist to 15 Years in Prison
3/16/2016,1,"US State Dept declares ISIS is committing genocide in Iraq, Syria",Brazilian Federal Police releases tapped phone call between Rousseff and Lula,"Muslim-majority Pakistan set to declare Holi, Diwali and Easter as public holidays in a landmark decision"
3/17/2016,1,"TTIP: secrecy around talks is 'profoundly undemocratic', MPs say. A German MP said she was given only two hours to read 300 pages",China's 'Man-made' sun produces longest plasma pulse at 50 million degrees,One of the worlds largest advertising agencies has been accused of helping Saudi Arabia whitewash its record on human rights following the kingdoms largest mass execution for more than 30 years.
3/18/2016,1,Paris attacks suspect Salah Abdeslam shot and wounded in Brussels anti-terror raid,Passenger Boeing From Dubai Crashes in Rostov On Don,Russia: Those guilty of insulting Vladimir Putin face six years in prison under proposed law
3/21/2016,1,Netherlands will once again need to close prisons due to falling crime rate and lack of prisoners.,Reports of explosions at Brussels airport,Two explosions at Brussels airport
3/22/2016,0,The International Criminal Court Recognises Rape as a War Crime,Former Controversial Toronto Mayor Rob Ford Has Died,"Tony Blair on extremism ""one of the problems with the West is that it constantly can be made to feel guilty about itself"""
3/23/2016,0,Japan's whaling fleet returns from Antarctic with 333 minke whales including pregnant females,Brazil descends into chaos as Olympics looms,"Rockefeller Family Fund divests from fossil fuels, which built family's fortune | It will eliminate holdings of Exxon Mobil Corp, saying the oil company associated with the family fortune has misled the public about climate change risks"
3/24/2016,1,Russian soldier surrounded by ISIS calls in airstrikes on himself,ISIS's Second-in-Command Killed in Raid,France arrests man in 'advanced stages' of attack plot
3/28/2016,1,An aerial survey of the northern Great Barrier Reef in Australia has shown that 95 per cent of the reefs are now severely bleached and about half of the corals are expected to die in the coming month.,Top medical experts say we should decriminalize all drugs &amp; maybe go even further - Their report comes ahead of a special UN General Assembly Session on drugs to be held next month,Japan Loses Contact With New Space Telescope
3/29/2016,1,"EgyptAir Domestic Flight From Alexandria to Cairo Hijacked, Lands in Cyprus",Israel passes law to cap bankers' salaries: Israel has introduced one of the worlds toughest curbs on bank executives salaries in an effort to narrow a big pay gap between bosses and workers. It was approved in parliament overnight in a 56-0 vote and will take effect in six months.,U$1bn poured so rapidly into Malaysian PM's personal bank accounts that it rang money-laundering alarms
3/30/2016,1,Hundreds of thousands of leaked emails reveal massively widespread corruption in global oil industry,"Using Adblock Plus to block ads is legal, rules German courtfor the fifth time",Apple wants the FBI to reveal how it hacked the San Bernardino killer's iPhone
3/31/2016,0,"Amnesty Int. has accused Qatar of using forced labor at World Cup stadium. Amnesty says workers are forced to live in squalid conditions, pay huge recruitment fees, have wages and passports withheld. It accuses Fifa of ""failing almost completely"" to stop the tournament ""built on human rights abuses""","The FBI, US Department of Justice and anti-corruption police in Britain and Australia have launched a joint investigation into revelations of a massive global bribery racket in the oil industry.","Norway's integration minister: We can't be like Sweden - A tight immigration policy and tougher requirements for those who come to Norway are important tools for avoiding radicalisation and parallel societies, Integration Minister Sylvi Listhaug said on Wednesday."
4/1/2016,1,Reddit deletes surveillance 'warrant canary' in transparency report,The headquarters of the Monaco-based oil company Unaoil and the homes of its executives have been raided by police in the wake of revelations in recent days that it has systematically corrupted the global oil industry.,"Daily NK reports North Korea declares China an enemy and threatens a ""nuclear storm"" against them"
4/4/2016,0,"2.6 terabyte leak of Panamanian shell company data reveals ""how a global industry led by major banks, legal firms, and asset management companies secretly manages the estates of politicians, Fifa officials, fraudsters and drug smugglers, celebrities and professional athletes.""",China censors Panama Papers online discussion,David Cameron's dad and Tory MPs named in leak about tax haven firm
4/5/2016,0,China announces sanctions on North Korea,BP to pay US government $20.8 billion for Gulf oil disaster,The 19-year-old who started a massive protest movement in Hong Kong says HSBC won't let him open bank accounts for his new political party
4/6/2016,1,The Prime Minister of Iceland has resigned,Panama Papers: British Banker Funded North Korean Arms,Tigers declared extinct in Cambodia
4/7/2016,0,David Cameron personally intervened to prevent tax crackdown on offshore trusts,Panama Papers reveal London as centre of 'spider's web',Edward Snowden says Panama Papers show whistleblower role is 'vital' - British Columbia
4/8/2016,1,David Cameron admits he did have a stake in father Ian Cameron's offshore investment fund,"Big oil spent $115m obstructing climate laws in 2015, NGO says",Edward Snowdens David Cameron Tweet Tells Public to Rise Up and Force PMs Resignation
4/11/2016,0,Fifty four large investors managing 1 trillion pounds ($1.41 trillion) in assets have launched a campaign to curb the use of antibiotics in the meat and poultry.,A man has been arrested for trying to assassinate the chief forensic expert in MH17 probe,China Says 80% of Tested Wells Had Water Too Polluted to Drink
4/12/2016,1,"Air France's gay stewards refuse to go to Iran, where homosexuality is punishable by death",Scientists have for the first time scanned the brains of people using LSD and found how brain in a psychedelic drug state mimics mind of a baby: free and unconstrained.,Victoria has become the first state in Australia to legalise the use of medicinal cannabis
4/13/2016,1,First Interstellar Probe Mission Announced: Breakthrough Starshot Will Accelerate Tiny Probes to Alpha Centauri 20 Years After Launch,UK Jeremy Corbyn found to have overpaid tax... after the Sun newspaper tried to smear the Labour leader,Thailand to Punish Drunk Drivers by Sending them to Work at the Morgue
4/14/2016,1,Saudi Arabia strips religious police of arresting power,"Putin praises Obama for admitting mistakes in Libya: ""Firstly, this fact confirms once again that the current US president is a decent person""","US corporations have $1.4tn hidden in tax havens, claims Oxfam report"
4/15/2016,0,"A witness to the disappearance of 43 Mexican students in 2014 has told investigators that federal and municipal police were present when the youths were forced from their bus, according to the countrys national human rights commission.",N. Korea's early morning attempt to fire ballistic missile ends in failure: military,"Putin admits Panama Papers 'accurate,' blames US"
4/18/2016,1,Brazilian congress votes to impeach president Dilma Rousseff,"Ethiopia attack: 200 people dead, 100 children missing",UK Home Secretary Theresa May 'tried to alter drug report because she didnt like its conclusions' | UK Politics
4/19/2016,1,"British govt poo-poos winning 'Boaty McBoatface' name for ship - After Internet users overwhelmingly voted to christen Britain's new $300 million research ship ""Boaty McBoatface"" in an online naming poll, a govt official suggests the name won't be used.","A fifth of people with advanced melanoma have no sign of tumours in their body after treatment with a pair of immunotherapy drugs, a study shows.",7-Year-Old Boy Hit and Killed by UN Ambassador's Motorcade in Cameroon
4/20/2016,1,Pacific Bluefin Tuna: Population Drops 97% Due to Overfishing,"France bill McDonald's $341 million for unpaid taxes on profits believed to have been funneled through Luxembourg, Switzerland",'Insult Turkey's Erdogan' contest set up by UK magazine
4/21/2016,0,Declassified memo shows multiple Saudi connections to 9/11 plotters: flight certificate of Al Qaeda operative found in envelope from the Saudi Embassy in DC,Canada to introduce pot legalization legislation in 2017,IS executes 250 women for refusing sexual jihad: report
4/22/2016,1,The Netherlands to decriminalize insulting heads of state,Iranian women call on Western tourists to violate headscarf law to fight against oppression,"Swiss army ready to act in worst case migrant scenario - Switzerland has said it is ready to mobilize up to 2,000 soldiers at border crossings should migrants continue to arrive into the country."
4/25/2016,0,"Missing Mexican Students Suffered a Night of Terror, Investigators Say: An international panel has provided details of the night in 2014 when Mexican police and gunmen abducted 43 students who have not been seen since.",TTIP: UK Government did just one assessment of trade deal and found it had 'lots of risks and no benefit',Revealed: nearly all new diesel cars exceed official pollution limits - Health experts lambast deceitful carmakers as data suggests 97% of vehicles fail to meet NOx emissions standards in real-world conditions.
4/26/2016,1,England's Doctors Walk Out of Emergency Wards in First Ever All-Out Strike,Russia Arrests Scientologist for Stealing $2 Million and Giving to Church,"Watchdog says press freedom in decline, 'new era of propaganda'"
4/27/2016,1,"A 1.4GB leak of internal documents from Qatar National Bank gives data on al-Jazeera journalists, the ruling family and British 'spies'",Toddler's meningitis death nets guilty verdict against Alberta parents,"Kim Jong Un orders missile launches when angry, source says"
4/28/2016,0,"Airstrike destroys Doctors Without Borders hospital in Aleppo, killing staff and patients","People are increasingly identifying themselves as global rather than national citizens, according to a BBC World Service poll.","Paris terror suspect is a little jerk, his lawyer says - In an interview with the French daily Liberation, Sven Mary, Abdeslam's Belgian attorney, heaped opprobrium on his departing client, whom Mary described as having ""the intelligence of an empty ashtray  an abysmal emptiness."""
4/29/2016,0,VW and Shell try to block EU push for electric cars,Teens who bombed Sikh temple in Germany were ISIS sympathisers,"Helicopter firms are carrying out unauthorised sightseeing flights over the upper reaches of Mount Everest, Nepalese officials say. Sherpas have expressed concerns that vibrations caused by the helicopters could trigger avalanches."
5/2/2016,1,Puerto Rico says it will default on Monday,Bitcoin's elusive founder reveals himself as computer scientist Craig Wrightand publishes info needed to verify claim,Leaked papers allege US intimidating EU over TTIP free trade deal: German media say secret documents reveal the US is pressuring the EU to approve a transatlantic free trade deal. The reports say Washington may block easier car exports if the EU doesn't open up its agricultural market
5/3/2016,0,"France will press its G7 partners this month to launch an ""irreversible"" process to control the prices of new medicines, part of a global drive to make life-saving drugs more affordable",Iceland president's wife linked to offshore tax havens in leaked files | News,The United States has told Pakistan it will have to finance the purchase of U.S. F-16 fighter jets itself after members of the U.S. Congress objected to the use of government funds to pay for them
5/4/2016,0,"Wildfire destroying Fort McMurray, most of city evacuated","Self-proclaimed ""Sharia Police"" in Germany to stand Trial on the grounds of violating laws against wearing uniforms with political messages",Doubts rise over TTIP as France threatens to block EU-US deal
5/5/2016,1,India plans to spend $6 billion on creating new forests,Isis members can now be stripped of Australian citizenship,"David Cameron has no intention of withdrawing his claim that Donald Trump was divisive, stupid and wrong to call for a ban on Muslims entering the US, Downing Street has said."
5/6/2016,1,'We need a revolt against the fossil fuel industry': Tesla chief says educating the public on climate issues is essential in countering oil and gas lobbys influence over big political decisions,Fort McMurray wildfire grows 8 times larger as battle continues,"Pope Francis urges Europe to return to postwar principles: What has happened to you, the Europe of humanism, the champion of human rights, democracy and freedom?"
5/9/2016,0,"Tax havens have no justification, say top economists, calling for their abolition | More than 300 economists are urging world leaders at a London summit this week to recognise that there is no economic benefit to tax havens, demanding that the veil of secrecy that surrounds them be lifted.",Russia offers water bombers and specialists to help fight Fort McMurray forest fires,CBS report: Russian gold medalists used steroids at Sochi Olympics
5/10/2016,1,Panama Papers include dozens of Americans tied to financial frauds,President Obama will visit Hiroshima later this month: The trip will mark the first visit by a U.S. president to the site since American forces dropped atomic bombs on that city and on Nagasaki at the end of World War II.,Knife attacker 'shouting Allahu akbar' seriously injures four at Munich train station
5/11/2016,0,"New Zealand Prime Minister John Key thrown out of Parliament for disobeying the Speaker during an exchange about the Panama Papers, which have revealed links between Mossack Fonseca and New Zealand's secretive foreign trust industry",Former Brazilian soccer star: Don't come to the Olympics,Two-thirds of Germans want Merkel out at next election: A poll published on Tuesday shows that just under two-thirds of Germans do not want Chancellor Angela Merkel to run for office again in elections next year.
5/12/2016,1,"India has slashed prices of 54 essential medicines by up to 55%, including commonly used drugs for cancer, hypertension, diabetes and other heart disorders.","Rio Olympics could spark 'full blown global health disaster', say Harvard scientists",Brazil's President Dilma Rousseff is to face trial after the Senate voted to impeach and suspend her.
5/13/2016,0,"Declassified documents detail 9/11 commission's inquiry into Saudi Arabia, Chilling story of the Saudi diplomat who, many on the commissions staff believed, had been a ringleader of a Saudi government spy network inside the US that gave support to at least two of the 9/11 hijackers",Ontario parents who object to vaccines could be forced to take a class in science of immunization.,Scientists have found a microbe that does something textbooks say is impossible: It's a complex cell that survives without mitochondria.
5/16/2016,1,Iran is arresting models who pose without headscarves on Instagram,"April breaks global temperature record, marking seven months of new highs. 2016 will be hottest year on record",Erdoan pictured as Hitler on Turkish Embassy in Berlin
5/17/2016,0,"After almost 18 years of circling Earth, the International Space Station completed its 100,000th orbit on Monday.","Pakistans Billion Tree Tsunami gains momentum, hopes to achieve target of One Billion new saplings plantation by end of next year.",The new Brazilian presidents first pick for science minister was a creationist. He chose a soybean tycoon who has deforested large tracts of the Amazon rain forest to be his agriculture minister. And he is the first leader in decades to have no women in his Cabinet.
5/18/2016,0,Scientists Find A Weak Spot In HIV That May Pave the Way to a Vaccine,Muslim states block 11 LGBT groups from attending UN Aids meeting,Caribbean islands warned as Venezuela collapses
5/19/2016,0,EgyptAir Flight MS804 disappears from radar during Paris-Cairo flight,McDonald's fish: Row over sustainability 'cover-up'- The document shows that the government was aware of made-up data and illegal practices such as the dumping of vast quantities of unwanted fish. There are also concerns that unlawful fishing in NZ waters is threatening the world's rarest dolphin,"Pope condemns ""bloodsuckers"" who exploit poor workers: Pope says making ""slaves"" out of workers and setting unfair contracts is a mortal sin"
5/20/2016,1,LinkedIn just revealed that the 2012 breach that compromised the accounts of 6.5 million users actually hit more than 100 million users.,"The Chinese government is fabricating almost 490m social media posts a year as part of a massive secretive operation designed to distract the public from criticising or questioning its rule, according to a study.","EgyptAir Flight 804: Wreckage found, airline official says"
5/23/2016,0,"'It keeps happening,' rape survivor says: Protests against American military presence in Japan continued on Saturday, as the countrys defense minister lodged a formal complaint over the latest case of alleged murder and rape of a young Japanese woman by a US military base employee","Obama will not apologize for Hiroshima attack, he tells Japanese TV",Austria rejects 'far-right president'
5/24/2016,1,Colombia has fired more than 1000 police officers in a massive crackdown on corruption,The average city dweller in Kenya pays 16 bribes a month,"Sixteen of the worlds largest banks including JPMorgan Chase &amp; Co. and Citigroup Inc. must face antitrust lawsuits accusing them of hurting investors who bought securities tied to Libor by rigging an interest-rate benchmark, a ruling that an appeals court warned could devastate them"
5/25/2016,1,"Adidas shoe manufacture returns to Germany, fully automated instead of relying on human labour in Asia",Tony Blair: Britain and US profoundly underestimated chaos brought about by toppling of Saddam Hussein | People | News,"""We Truly Believe They Kill Animals"": Famous Sloth Sanctuary Is A Nightmare For Animals, Ex-Workers Say"
5/26/2016,0,Greek news sites are reporting that Aristotle's tomb was found.,India to install panic buttons on public buses to curb sex attacks,Switzerland: Muslim students must shake teacher's hand
5/27/2016,1,"Thailand has shut down 10 popular diving sites in a bid to slow a coral bleaching crisis, an official said Thursday, in a rare move to shun tourism profits to protect the environment",South Korea fires warning shots after boats from North cross sea border,Refugees at Nauru who are gay or attempt suicide can no longer be jailed and men are now outlawed from raping their wives after the island republic updated its antiquated criminal code.
5/31/2016,0,Every reference to the Great Barrier Reef removed from UN report on impact of climate change after intervention from Australian government.,"Denmark to stop paying salary to royal family grandchildren: 'Simple mathematics dictate that there needs to be some sort of limit. Otherwise within a few generations there will be several hundred princes and princesses who need an annual salary,' says a ruling party spokesman",Mass sexual assault reported at music festival in Germany: The attacks are similar to those reported in Cologne and other cities on New Year's Eve.
6/1/2016,1,Forty tiger cub bodies have been found in a freezer at a Thai Buddhist temple accused of wildlife trafficking and animal abuse.,"Forced contact with Amazon people would be 'genocide', tribe warns: Survival International says other tribes, who have themselves experienced the dangers of 'first contact', are protecting uncontacted groups against the plans of 'some anthropologists in another country'","Sweden: Fewer than 500 of 163,000 asylum seekers found jobs"
6/2/2016,1,Germany recognizes the Armenian Genocide,"Media Is Ignoring The Most Important Part Of Stephen Hawkings Comments On Trump: Hawking said he didnt believe Trump was the greatest threat facing America, or even the world. The greatest threat is human-caused climate change.","Germanys second largest supermarket chain, Rewe, will stop using plastic bags. This will save Germany from 140 million plastic bags landing in the garbage every year."
6/3/2016,0,"A seven-year-old boy who went missing in bear-inhabited forests in northern Japan after his parents said they abandoned him as punishment, has been found alive, according to local reports.",Families of victims murdered by Colombian paramilitaries are one step closer to achieving justice for their loved ones as a United States judge gave the green light for a federal lawsuit against former executives of the U.S. fruit company Chiquita.,"Young fish become hooked on eating plastic in the seas in the same way that teenagers prefer unhealthy fast food, Swedish researchers have said"
6/6/2016,1,Nearly 60% of Qatar population live in 'labour camps',UK pedophile Richard Huckle given 22 life sentences for serial sex abuse in Malaysia,"Neo Nazi who planned to kill Muslims and Jews in Euro 2016 terror attacks arrested by Special Forces, had massive arsenal of explosives and rifles"
6/7/2016,1,Five Men in India Have Been Convicted for the Gang Rape of a Danish Tourist,"A biologist has accidentally discovered that electric eels can make leaping attacks that dramatically increase the strength of the electric shocks they deliver and, in so doing, has confirmed a 200-year-old observation by famous 19th century explorer and naturalist Alexander von Humboldt.","US returns over 200 artifacts worth more than $100 million to India ; Included in the collection is a bronze sculpture of the Hindu god Ganesh estimated to be 1,000-year-old"
6/8/2016,1,"UN Removes Saudi Arabia From Human Rights Blacklist After Just A Week, Faces Backlash - Rights groups accuse UN of flip-flopping &amp; giving into political manipulation.",Journalists Are Backing Out of the Olympics Over Zika,A United Nations whistleblower who was suspended for exposing the sexual abuse of children by peacekeepers has resigned over the organisations failure to hold senior officials to account.
6/9/2016,0,"Vandals Destroy 8,000-Yr-Old Aboriginal Artworks in Tasmania - The priceless rock art is damaged beyond repair","China plans massive sea lab 10,000 feet underwater",Assisted Suicide Is Now Legal in Canada  And One Province Is Providing Free Drugs to Do It
6/10/2016,0,U.N. Chief Admits He Removed Saudi Arabia From Child-Killer List Due to Extortion,German public pool bans the burqini,Trans people in UK could face rape charges if they don't reveal gender history
6/13/2016,0,A Dutch woman who alleged she was raped after being drugged in an upscale nightclub in Doha was convicted of having sex out of wedlock by a Qatari court on Monday and given a one-year suspended sentence.,Islamic State claims responsibility for Orlando nightclub shooting,Muslim students in Denmark banned from praying during school hours
6/14/2016,0,Gay Chinese man sues mental hospital for trying to cure him with drugs and beatings,Goldman Sachs hired prostitutes to win Libyan business,'Man holed up in Paris suburban home with hostages after killing policeman'
6/15/2016,0,ISIS Twitter accounts have been hijacked with gay porn,"Dalai Lama grows quite skeptical about the effects of prayer, stating that serious actions are required for real changes",Nearly 400 international scientists called on Barack Obama to rule out further expansion of oil and gas exploration in Arctic waters under US control.
6/16/2016,1,Decriminalisation Call As 'War On Drugs' Fails. Top public health experts say illicit drug use should be treated as a health issue rather than punishing those who need treatment.,"Germany to end unofficial tolerance of polygamy: 'No one who comes to us has the right to put their cultural roots, or their religious beliefs, above our laws,' says justice minister","Killing of non-Muslims and minority groups forbidden in Islam.Bangladeshi clerics have issued a fatwa against the killings of minorities and secular campaigners in the mainly Muslim country, where police have arrested over 10,000 people in a crackdown on militancy."
6/17/2016,0,MP Jo Cox dead after shooting attack,Saudi Arabia upset after Hillary Clinton links oil kingdom to terrorism,"India may be building an underwater wall of microphones to keep track of Chinas submarines, Hydrophones can record and listen to underwater sounds"
6/20/2016,1,A staggering 87 percent of Venezuelans say they do not have money to buy enough food,Two corporate whistleblowers may enter into plea bargain deal that would tie 30% of Brazilian lawmakers to corruption cases.,"Poland, together with Russia, Iran, and several Gulf states successfully removed decriminalization of homosexuality from UN resolution."
6/21/2016,1,An Australian athlete who has competed in six Paralympic Games has been robbed at gunpoint in the Brazilian city of Rio de Janeiro. Liesl Tesch said a man brandishing a gun pushed her off her bicycle and stole it on Sunday.,Russian state television accidentally broadcasts evidence that Moscow uses cluster bombs in Syria,"In 2015, 50 environmentalists were killed in Brazil  more than a quarter of those killed worldwide  and last year marked deadliest year for environmental activists, with 185 total murders across world. Out of the 10 deadliest countries in world for environmentalist, seven were in Latin America."
6/22/2016,0,German government agrees to ban fracking indefinitely,"Teenage recruits were raped by staff and forced to rape each other as part of initiation practices in the Australian military going back to 1960, a public inquiry heard on Tuesday","Pakistan is selling nuclear materials to N Korea and China knows it, US sources say"
6/23/2016,1,"Today The United Kingdom decides whether to remain in the European Union, or leave","E-cigarettes should not be banned in public, medical experts warn: 'A ban on using e-cigarettes in public places could be damaging, as it may put off smokers from using e-cigarettes to help them quit,' says Rosanna O'Connor from Public Health England",Report: China is still harvesting organs from prisoners
6/24/2016,0,David Cameron to Resign as PM After EU Referendum,BBC forecasts UK votes to Leave the European Union,"Nicola Sturgeon says a second independence referendum for Scotland is ""now highly likely"""
6/27/2016,0,Barclays and RBS shares suspended from trading after tanking more than 8%,Pope says Church should ask forgiveness from gays for past treatment,Poland 'shocked' by xenophobic abuse of Poles in UK
6/28/2016,1,"2,500 Scientists To Australia: If You Want To Save The Great Barrier Reef, Stop Supporting Coal","The personal details of 112,000 French police officers have been uploaded to Google Drive in a security breach just a fortnight after two officers were murdered at their home by a jihadist.",S&amp;P cuts United Kingdom sovereign credit rating to 'AA' from 'AAA'
6/29/2016,1,Explosion At Airport In Istanbul,Yemeni former president: Terrorism is the offspring of Wahhabism of Al Saud regime,UK must accept freedom of movement to access EU Market
6/30/2016,1,Jamaica proposes marijuana dispensers for tourists at airports following legalisation: The kiosks and desks would give people a license to purchase up to 2 ounces of the drug to use during their stay,Stephen Hawking says pollution and 'stupidity' still biggest threats to mankind: we have certainly not become less greedy or less stupid in our treatment of the environment over the past decade,Boris Johnson says he will not run for Tory party leadership
7/1/2016,1,"A 117-year-old woman in Mexico City finally received her birth certificate, and died a few hours later. Trinidad Alvarez Lira had waited years for proof that she had been born in 1898.",IMF chief backs Athens as permanent Olympic host,"The president of France says if Brexit won, so can Donald Trump"
